doc,severity,finding,status,note,file,test
01_BroadMarketEngine.md,critical,Delegatecall to Untrusted Module Contracts via setSelectorModule,governance risk,"Equivalent to admin/module trust boundary; requires governance/model redesign, not localized patch.",MarketEngineDispatcher.sol,
01_BroadMarketEngine.md,high,Oracle Confidence Validation Insufficient for Small Prices,already fixed,Current confidence enforcement has floor semantics and is covered by oracle tests.,src/engine/modules/MarketEngineCoreLifecycleModule.sol;src/engine/modules/MarketEngineRollingLifecycleModule.sol,test/engine/core/MarketEngineManualTypes.t.sol;test/engine/rolling/MarketEngineRollingOracle.t.sol
01_BroadMarketEngine.md,high,Inconsistent Yield Router Failure Handling Between Manual and Rolling Modes,already fixed,Cancel/resolve paths use soft-failure handling with events rather than bricking lifecycle progress.,src/engine/modules/MarketEngineCoreLifecycleModule.sol;src/engine/modules/MarketEngineRollingLifecycleModule.sol,test/engine/security/MarketEngineLifecycleSecurity.t.sol;test/engine/core/MarketEngineYieldRouting.t.sol
01_BroadMarketEngine.md,high,Unchecked Return Value from Yield Router depositScaled,false positive,Current engine accounting uses balance-delta or explicit failure handling rather than blindly trusting router return values where it matters.,src/engine/MarketEngineState.sol;src/engine/modules/MarketEngineCoreLifecycleModule.sol,test/engine/core/MarketEngineYieldRouting.t.sol
01_BroadMarketEngine.md,high,Potential Storage Collision in Delegatecall Modules,duplicate,Overlaps with the dispatcher/module trust-boundary findings already captured elsewhere.,MarketEngineDispatcher.sol,
01_BroadMarketEngine.md,medium,Missing Validation of Array Lengths in Batch Operations,already fixed,Batch operations already validate sizes/length mismatches.,src/engine/MarketEngineState.sol;src/engine/modules/MarketEngineCoreLifecycleModule.sol,test/engine/core/MarketEngineCoreLifecycleBranches.t.sol;test/engine/core/MarketEngineUserOpsClaimsBranches.t.sol
01_BroadMarketEngine.md,medium,Insufficient Validation of Oracle Monotonicity for Round ID Zero,duplicate,Broad or overlapping medium finding not treated as a distinct unresolved code bug after reconciliation.,MarketEngineCoreLifecycleModule.sol,
01_BroadMarketEngine.md,medium,Missing Validation of Epoch Timing Constraints,duplicate,Broad or overlapping medium finding not treated as a distinct unresolved code bug after reconciliation.,MarketEngineCoreLifecycleModule.sol,
01_BroadMarketEngine.md,medium,Missing Validation of Template Configuration Parameters,duplicate,Broad or overlapping medium finding not treated as a distinct unresolved code bug after reconciliation.,MarketEngineCoreLifecycleModule.sol,
01_BroadMarketEngine.md,low,Potential Integer Overflow in Yield Fee Calculation,governance risk,Low-severity design/ops issue not treated as a required code patch in this reconciliation.,MarketEngineCoreLifecycleModule.sol,
01_BroadMarketEngine.md,low,Missing Validation of Outcome Index in Position Operations,false positive,Current code validates bounds before any unsafe position access; remaining concern is gas only.,src/engine/modules/MarketEngineUserOpsClaimsModule.sol,test/engine/core/MarketEngineUserOpsClaimsBranches.t.sol:test_switchSide_reverts_when_outcome_index_exceeds_max_outcomes
01_BroadMarketEngine.md,low,Potential DoS via Large User Epoch Array Growth,governance risk,Low-severity design/ops issue not treated as a required code patch in this reconciliation.,MarketEngineUserOpsClaimsModule.sol,
01_BroadMarketEngine.md,informational,Floating Pragma Version Allows Inconsistent Compiler Behavior,false positive,Repo uses pinned Solidity version `0.8.24`.,IMarketEngine.sol,
02_BroadInterfaces.md,critical,Unexpected ecrecover Null Address Vulnerability in Event Oracle Signature Verification,already fixed,Current reporter adapter uses OZ ECDSA recovery and zero-address reporter is forbidden.,src/oracle/TrustedReporterAdapter.sol,test/adapters/TrustedReporterAdapter.t.sol:test_RevertWhen_resolve_malformedSignature_invalidV_attackerCannotSpoof
02_BroadInterfaces.md,critical,Insufficient Access Control on IYieldRouter State-Changing Functions,duplicate,Overlapping or non-canonical finding from broad Hashlock coverage.,IYieldRouter.sol,
02_BroadInterfaces.md,critical,Centralized Trusted Reporter Single Point of Failure in IEventOracle,governance risk,Architectural trust/governance risk remains; not eliminated by code-level remediation.,IEventOracle.sol,
02_BroadInterfaces.md,high,Missing Signature Replay Protection in IEventOracle Signed Payload Settlement,false positive,"Current adapter stores one result per market/path and uses OZ ECDSA, so the claimed exploit is not reproduced in live code.",src/oracle/TrustedReporterAdapter.sol,test/adapters/TrustedReporterAdapter.t.sol
02_BroadInterfaces.md,high,Signature Malleability in Event Oracle Signed Payload Verification,false positive,"Current adapter stores one result per market/path and uses OZ ECDSA, so the claimed exploit is not reproduced in live code.",src/oracle/TrustedReporterAdapter.sol,test/adapters/TrustedReporterAdapter.t.sol
02_BroadInterfaces.md,high,Caller-Supplied nowTs Parameter Enables Freshness Check Bypass in IPriceOracle,false positive,Interface-level hypothetical; not true for the current adapter implementation.,src/interfaces/IPriceOracle.sol,test/adapters/ChainlinkAdapter.t.sol:test_revert_stale_even_if_caller_passes_fake_recent_nowTs
02_BroadInterfaces.md,high,Yield Router Withdrawal Return Value Trust Without Balance Verification,false positive,Current engine accounting uses balance-delta or explicit failure handling rather than blindly trusting router return values where it matters.,src/engine/MarketEngineState.sol;src/engine/modules/MarketEngineCoreLifecycleModule.sol,test/engine/core/MarketEngineYieldRouting.t.sol
02_BroadInterfaces.md,high,Missing Access Control on setTemplateYieldPath Allows Unauthorized Yield Path Changes,duplicate,Broad or overlapping high finding; the concrete underlying issue is tracked elsewhere in the matrix.,IYieldRouterV2.sol,
02_BroadInterfaces.md,medium,Precision Loss in IYieldRouterV2 Proportional Slice Calculation for withdrawScaled,duplicate,Broad or overlapping medium finding not treated as a distinct unresolved code bug after reconciliation.,IYieldRouterV2.sol,
02_BroadInterfaces.md,medium,Missing Monotonicity Enforcement for Oracle Round IDs Allows Stale Price Injection,governance risk,Operational/oracle-management concern rather than a confirmed live exploit in this repo.,IPriceOracleWithRoundId.sol,
02_BroadInterfaces.md,medium,MarketId Collision Risk Due to Unspecified positionKey Hash Construction,duplicate,Broad or overlapping medium finding not treated as a distinct unresolved code bug after reconciliation.,IEventOracle.sol,
02_BroadInterfaces.md,medium,Negative Price Values Not Validated in IPriceOracle and IEventOracle,duplicate,Broad or overlapping medium finding not treated as a distinct unresolved code bug after reconciliation.,IPriceOracle.sol,
02_BroadInterfaces.md,medium,IYieldRouterV2 Interface Inherits IYieldRouter Creating Dual Withdrawal Path Confusion,duplicate,Broad or overlapping medium finding not treated as a distinct unresolved code bug after reconciliation.,IYieldRouterV2.sol,
02_BroadInterfaces.md,medium,IYieldRouterV2.claimLmRewards Reward Token Distribution Not Specified,duplicate,Broad or overlapping medium finding not treated as a distinct unresolved code bug after reconciliation.,IYieldRouterV2.sol,
02_BroadInterfaces.md,low,Missing Data Source URI On-Chain Creates Unverifiable Settlement Claims,governance risk,Auditability/integration issue remains; not a direct steal path in current implementation.,src/oracle/TrustedReporterAdapter.sol,test/adapters/TrustedReporterAdapter.t.sol;test/adapters/TrustedReporterAdapterSecurity.t.sol
02_BroadInterfaces.md,low,Timestamp Dependence in Oracle Freshness Checks Enables Miner Manipulation,governance risk,Operational/oracle-management concern rather than a confirmed live exploit in this repo.,IPriceOracle.sol,
02_BroadInterfaces.md,low,Missing Interface Version Identifier Prevents Safe Upgrades and Integration,governance risk,Low-severity design/ops issue not treated as a required code patch in this reconciliation.,IYieldRouterV2.sol,
02_BroadInterfaces.md,low,IYieldRouterV2 globalScaledBalance Invariant Not Enforced by Interface,governance risk,Low-severity design/ops issue not treated as a required code patch in this reconciliation.,IYieldRouterV2.sol,
03_ResolverBroadMarket.md,high,Composite Market Uses Single Threshold for All Feeds - Critical Logic Error,already fixed,Current composite templates support per-feed thresholds and are covered by market-type tests.,src/types/MarketTypes.sol,test/markettype/MarketTypeAll15.t.sol:test_marketType_08b_composite_perFeedThresholds_majority
03_ResolverBroadMarket.md,high,Signature Replay Attack via clearLockSample/clearResolveResult - Oracle Data Manipulation,false positive,"Current adapter stores one result per market/path and uses OZ ECDSA, so the claimed exploit is not reproduced in live code.",src/oracle/TrustedReporterAdapter.sol,test/adapters/TrustedReporterAdapter.t.sol
03_ResolverBroadMarket.md,medium,Corridor Market Outcome Index Confusion - Incorrect Bound Assignment,duplicate,Broad or overlapping medium finding not treated as a distinct unresolved code bug after reconciliation.,SettlementLogic.sol,
03_ResolverBroadMarket.md,medium,Potential Overflow in resolveConvergence Band Calculation,duplicate,Broad or overlapping medium finding not treated as a distinct unresolved code bug after reconciliation.,Resolvers.sol,
03_ResolverBroadMarket.md,medium,YieldRouterAaveV3 Uses aToken Balance Delta Instead of Scaled Balance - Incorrect Share Accounting,duplicate,Broad or overlapping medium finding not treated as a distinct unresolved code bug after reconciliation.,YieldRouterAaveV3.sol,
03_ResolverBroadMarket.md,medium,resolveCascade Does Not Validate Bounds Array is Monotonically Increasing,duplicate,Broad or overlapping medium finding not treated as a distinct unresolved code bug after reconciliation.,Resolvers.sol,
03_ResolverBroadMarket.md,medium,TrustedReporterAdapter: OHLC Sample Can Override Resolve Sample Priority,duplicate,Broad or overlapping medium finding not treated as a distinct unresolved code bug after reconciliation.,TrustedReporterAdapter.sol,
03_ResolverBroadMarket.md,medium,YieldRouterV2 emergencyWithdraw Does Not Emit Event Before Potential Revert,duplicate,Broad or overlapping medium finding not treated as a distinct unresolved code bug after reconciliation.,YieldRouterV2.sol,
03_ResolverBroadMarket.md,low,YieldRouterAaveV3.emergencyWithdraw Passes aToken Shares as Underlying Amount to Aave withdraw(),governance risk,Low-severity design/ops issue not treated as a required code patch in this reconciliation.,YieldRouterAaveV3.sol,
03_ResolverBroadMarket.md,low,globalScaledBalance State Variable Becomes Stale in Multi-Template Scenarios,governance risk,Low-severity design/ops issue not treated as a required code patch in this reconciliation.,YieldRouterV2.sol,
03_ResolverBroadMarket.md,low,resolveRangeClose Off-By-One: Boundary Value at rangeBoundsE8[0] Assigned to Wrong Bucket,governance risk,Low-severity design/ops issue not treated as a required code patch in this reconciliation.,Resolvers.sol,
03_ResolverBroadMarket.md,low,YieldRouterV2 StataToken Partial Withdrawal May Leave Dust Due to Share Rounding,governance risk,Low-severity design/ops issue not treated as a required code patch in this reconciliation.,YieldRouterV2.sol,
03_ResolverBroadMarket.md,low,Aave Reserve Configuration Bit Positions May Be Incorrect,governance risk,Low-severity design/ops issue not treated as a required code patch in this reconciliation.,YieldRouterV2.sol,
03_ResolverBroadMarket.md,low,Missing Validation: resolveVelocity Allows Zero Base Price Division,governance risk,Low-severity design/ops issue not treated as a required code patch in this reconciliation.,Resolvers.sol,
03_ResolverBroadMarket.md,low,YieldRouterV2 rescueToken Does Not Prevent Rescuing STAKE_TOKEN,governance risk,Low-severity design/ops issue not treated as a required code patch in this reconciliation.,YieldRouterV2.sol,
03_ResolverBroadMarket.md,low,Majority Logic in resolveComposite Uses Integer Division - Incorrect for Even Feed Counts,governance risk,Low-severity design/ops issue not treated as a required code patch in this reconciliation.,Resolvers.sol,
03_ResolverBroadMarket.md,low,Lack of Input Validation for OHLC Data: highE8 < lowE8 Not Checked,governance risk,Low-severity design/ops issue not treated as a required code patch in this reconciliation.,TrustedReporterAdapter.sol,
03_ResolverBroadMarket.md,gas,Gas Optimization: Redundant Storage Reads in computeClaimPayoutStorage,duplicate,"Gas-only optimization item, not a security remediation blocker.",MarketMath.sol,
03_ResolverBroadMarket.md,gas,Gas Optimization: Loop in resolveRangeClose Starts at i=1 But Could Start at i=0 with Bounds Check,duplicate,"Gas-only optimization item, not a security remediation blocker.",Resolvers.sol,
03_ResolverBroadMarket.md,informational,Informational: TrustedReporterAdapter Single Point of Failure - Centralization Risk,governance risk,Architectural trust/governance risk remains; not eliminated by code-level remediation.,TrustedReporterAdapter.sol,
04_MarketEngineState.md,critical,MODULE_STORAGE_COMPATIBILITY_ID Check is Trivially Bypassable - Malicious Module Can Corrupt All Storage,duplicate,Overlaps with the dispatcher/module trust-boundary findings already captured elsewhere.,MarketEngineState.sol,
04_MarketEngineState.md,high,Reentrancy in _balanceDeltaAfterWithdrawScaled via Malicious/Compromised Yield Router,already fixed,Current external entrypoints invoking router interactions are `nonReentrant`; tested malicious-router paths are blocked or degraded safely.,src/engine/modules/MarketEngineUserOpsClaimsModule.sol;src/engine/modules/MarketEngineCoreLifecycleModule.sol;src/engine/modules/MarketEngineRollingLifecycleModule.sol,test/engine/security/MarketEngineReentrancy.t.sol
04_MarketEngineState.md,high,Vault Active Balance Can Underflow if claimLiabilityTotal + settlementFeeTotal Exceeds Active Balance,already fixed,Current resolve accounting performs explicit active-vault sufficiency checks before deductions.,src/engine/MarketEngineState.sol,test/engine/core/MarketEngineDispatcher.t.sol
04_MarketEngineState.md,high,Single-Threshold Used for All Composite Feeds - Incorrect Settlement for Multi-Feed Markets,already fixed,Current composite templates support per-feed thresholds and are covered by market-type tests.,src/types/MarketTypes.sol,test/markettype/MarketTypeAll15.t.sol:test_marketType_08b_composite_perFeedThresholds_majority
04_MarketEngineState.md,high,nowTs Parameter in IPriceOracle Can Be Spoofed by Callers to Bypass Staleness Checks,already fixed,Current adapter path rejects stale data and does not allow practical spoofed freshness in this repo.,src/adapters/ChainlinkAdapter.sol,test/adapters/ChainlinkAdapter.t.sol:test_revert_stale_even_if_caller_passes_fake_recent_nowTs
04_MarketEngineState.md,high,Corridor Market Type Has No Refund/Void Mode - Zero-Winning-Pool Scenario Causes Stuck Funds,false positive,Current settlement/claim paths did not reproduce the claimed stuck-funds scenario in tests; broad claim is overstated.,src/logic/SettlementLogic.sol;src/math/MarketMath.sol,test/markettype/MarketTypeAll15.t.sol;test/math/MarketMath.t.sol
04_MarketEngineState.md,high,Uninitialized UUPS Proxy Attack Vector - Admin Address Defaults to address(0),already fixed,Dispatcher constructor disables initializers and admin checks require initialization.,src/engine/MarketEngineDispatcher.sol,test/engine/core/MarketEngineManualTypes.t.sol:test_initialize_reverts_on_zero_addresses
04_MarketEngineState.md,medium,Checkpoint B Monotonicity Only Checks Against Checkpoint A - Allows Replay of Old Prices at Resolution,duplicate,Broad or overlapping medium finding not treated as a distinct unresolved code bug after reconciliation.,MarketTypes.sol,
04_MarketEngineState.md,medium,Composite Market Uses Single absoluteThresholdValueE8 for All Feeds - Missing Per-Feed Threshold Storage,already fixed,Current composite implementation supports per-feed thresholds and is covered by market type tests.,src/types/MarketTypes.sol,test/markettype/MarketTypeAll15.t.sol:test_marketType_08b_composite_perFeedThresholds_majority
04_MarketEngineState.md,medium,YieldRouterBalanceInvariant Revert Can Permanently Brick Epoch Resolution,duplicate,Broad or overlapping medium finding not treated as a distinct unresolved code bug after reconciliation.,MarketEngineState.sol,
04_MarketEngineState.md,medium,Ladder Market Winner Index Selection Uses First Winning Bit - Incorrect for Multi-Winner Scenarios,duplicate,Broad or overlapping medium finding not treated as a distinct unresolved code bug after reconciliation.,SettlementLogic.sol,
04_MarketEngineState.md,low,MIN_MANUAL_DEPOSIT_WINDOW and MIN_MANUAL_LOCK_WINDOW Are Only 10 Seconds - Susceptible to Timestamp Manipulation,governance risk,Low-severity design/ops issue not treated as a required code patch in this reconciliation.,MarketEngineState.sol,
04_MarketEngineState.md,low,templateIdFromSlug Collision Risk - Two Different Slugs Can Produce the Same templateId,governance risk,Low-severity design/ops issue not treated as a required code patch in this reconciliation.,MarketEngineState.sol,
04_MarketEngineState.md,low,Storage Gap __gap[41] May Be Insufficient for Future Upgrades Given Large State Variable Count,governance risk,Low-severity design/ops issue not treated as a required code patch in this reconciliation.,MarketEngineState.sol,
04_MarketEngineState.md,low,configInitialized Flag Not Checked in onlyAdmin Modifier - Admin Functions Callable Before Initialization,already fixed,Initialization is protected and admin/auth paths reject uninitialized state.,src/engine/MarketEngineDispatcher.sol;src/engine/MarketEngineState.sol,test/engine/core/MarketEngineManualTypes.t.sol
04_MarketEngineState.md,gas,Gas Optimization: _setRemainingWinningStake Iterates Full outcomeCount Even for Single-Winner Markets,duplicate,"Gas-only optimization item, not a security remediation blocker.",MarketEngineState.sol,
04_MarketEngineState.md,gas,Gas Optimization: Redundant winningOutcomeMask Assignment in SettlementLogic.compute,duplicate,"Gas-only optimization item, not a security remediation blocker.",SettlementLogic.sol,
04_MarketEngineState.md,informational,Informational: positionKey Uses abi.encodePacked with Fixed-Width Types - Correctly Documented but Worth Noting,duplicate,Informational item; not a remediation blocker for the current codebase.,MarketEngineState.sol,
04_MarketEngineState.md,informational,Informational: IYieldRouterV2 Interface Allows Implementations to Silently Return 0 from withdrawScaled,duplicate,Informational item; not a remediation blocker for the current codebase.,IYieldRouterV2.sol,
05_modules.md,high,"Oracle Cursor State Persists After Oracle Adapter Replacement, Enabling Stale Data Bypass",fixed,"Added explicit admin recovery hook `resetOracleCursor(templateId, feedId)` after adapter swap.",src/engine/modules/MarketEngineAdminModule.sol,test/engine/core/MarketEngineCoreMarketUpgrade.t.sol:test_admin_can_reset_oracle_cursor_after_adapter_swap
05_modules.md,high,cancelRollingEpochWhileHalted Does Not Withdraw Yield Router Principal Before Cancellation,already fixed,Current rolling cancel path attempts yield withdrawal before setting refund liability.,src/engine/modules/MarketEngineRollingLifecycleModule.sol,test/engine/security/MarketEngineLifecycleSecurity.t.sol:test_cancelRollingWhileHalted_withBrokenYieldRouter
05_modules.md,high,Vault Active Balance Can Underflow When Yield Router Returns Less Than Principal,already fixed,Current resolve accounting performs explicit active-vault sufficiency checks before deduction.,src/engine/MarketEngineState.sol,forge test
05_modules.md,medium,Duplicate Storage Mappings in MarketEngineState Create Silent Storage Collision,duplicate,Same underlying storage-layout duplication issue appears in multiple Hashlock docs.,src/engine/MarketEngineState.sol;src/engine/MarketEngineDispatcher.sol,test/engine/core/MarketEngineDispatcher.t.sol
05_modules.md,medium,ReentrancyGuardTransient Slot Collision Between Dispatcher and Modules via Delegatecall,duplicate,Broad or overlapping medium finding not treated as a distinct unresolved code bug after reconciliation.,MarketEngineCoreLifecycleModule.sol,
05_modules.md,medium,Yield Router Deposit Approval Race Condition via forceApprove,fixed,Router allowance is now zeroed after each routed deposit attempt.,src/engine/modules/MarketEngineUserOpsClaimsModule.sol,test/engine/core/MarketEngineYieldRouting.t.sol:test_deposit_failedRouting_clears_router_allowance
05_modules.md,medium,Module Code Hash Check Can Be Bypassed via Metamorphic Contract Pattern,duplicate,Broad or overlapping medium finding not treated as a distinct unresolved code bug after reconciliation.,MarketEngineDispatcher.sol,
05_modules.md,medium,"Template Can Be Updated While Active Epoch Is Open, Changing Settlement Parameters Mid-Epoch",duplicate,Broad or overlapping medium finding not treated as a distinct unresolved code bug after reconciliation.,MarketEngineCoreLifecycleModule.sol,
05_modules.md,medium,switchSide Does Not Update vault.active When Fee Is Withdrawn From Yield Router,duplicate,Broad or overlapping medium finding not treated as a distinct unresolved code bug after reconciliation.,MarketEngineUserOpsClaimsModule.sol,
05_modules.md,medium,Missing Admin Transfer Mechanism Creates Single Point of Failure,governance risk,Architectural trust/governance risk remains; not eliminated by code-level remediation.,MarketEngineAdminModule.sol,
05_modules.md,low,"withdrawFees Does Not Check Vault Balance, Only Ledger Reserve - Potential Accounting Divergence",governance risk,Low-severity design/ops issue not treated as a required code patch in this reconciliation.,MarketEngineAdminModule.sol,
05_modules.md,low,Rolling Epoch Opens With Past Timing When executeRollingRound Is Called Late,governance risk,Low-severity design/ops issue not treated as a required code patch in this reconciliation.,MarketEngineRollingLifecycleModule.sol,
05_modules.md,low,"claimMany Emits Claimed Events Before Transfer, Enabling Misleading Event Ordering",governance risk,Low-severity design/ops issue not treated as a required code patch in this reconciliation.,MarketEngineUserOpsClaimsModule.sol,
05_modules.md,low,getUserEpochs Pagination Returns Incorrect nextCursor When size=0,governance risk,Low-severity design/ops issue not treated as a required code patch in this reconciliation.,MarketEngineViewModule.sol,
05_modules.md,low,Hardcoded SELECTOR_SET_SELECTOR_MODULE Constant May Not Match Actual Function Selector,governance risk,Low-severity design/ops issue not treated as a required code patch in this reconciliation.,MarketEngineDispatcher.sol,
05_modules.md,gas,"Gas Optimization: _enforceApprovedModule Called Twice Per Delegatecall (Once in _delegateForSelector, Once Implicitly)",duplicate,"Gas-only optimization item, not a security remediation blocker.",MarketEngineDispatcher.sol,
05_modules.md,informational,Missing Validation That epochId Matches Template's Expected Next Epoch in cancelEpoch,duplicate,Informational item; not a remediation blocker for the current codebase.,MarketEngineCoreLifecycleModule.sol,
05_modules.md,informational,genesisStartRolling Emits Incorrect lockAt and resolveAt in RollingGenesisStarted Event,duplicate,Informational item; not a remediation blocker for the current codebase.,MarketEngineRollingLifecycleModule.sol,
05_modules.md,informational,Corridor Market Validation Loop Has Off-By-One Error,duplicate,Informational item; not a remediation blocker for the current codebase.,MarketEngineCoreLifecycleModule.sol,
06_ChainlinkOracle.md,high,Arbitrary Feed Address Injection via Unvalidated feedId — Malicious Price Oracle Attack,duplicate,Broad or overlapping high finding; the concrete underlying issue is tracked elsewhere in the matrix.,ChainlinkAdapter.sol,
06_ChainlinkOracle.md,high,Incorrect Decimal Configuration Causes Silent Catastrophic Mispricing,duplicate,Broad or overlapping high finding; the concrete underlying issue is tracked elsewhere in the matrix.,ChainlinkAdapter.sol,
06_ChainlinkOracle.md,medium,No Mechanism to Remove or Disable a Feed — Permanent DoS Risk for Deprecated Feeds,duplicate,Broad or overlapping medium finding not treated as a distinct unresolved code bug after reconciliation.,ChainlinkAdapter.sol,
06_ChainlinkOracle.md,medium,Sequencer Feed Staleness Not Validated — Stale Sequencer Status Could Bypass Downtime Detection,governance risk,Operational/oracle-management concern rather than a confirmed live exploit in this repo.,ChainlinkAdapter.sol,
06_ChainlinkOracle.md,low,uint64 Truncation of publishTime for Timestamps Beyond Year 2554,governance risk,Low-severity design/ops issue not treated as a required code patch in this reconciliation.,ChainlinkAdapter.sol,
06_ChainlinkOracle.md,low,Precision Loss in _normalizeToE8 When Downscaling from Higher Decimals,governance risk,Low-severity design/ops issue not treated as a required code patch in this reconciliation.,ChainlinkAdapter.sol,
06_ChainlinkOracle.md,low,No Validation That feedId Encodes a Contract Address (Call to EOA or Non-Existent Address),governance risk,Low-severity design/ops issue not treated as a required code patch in this reconciliation.,ChainlinkAdapter.sol,
06_ChainlinkOracle.md,low,Missing Round Completeness Check for Sequencer Feed,governance risk,Low-severity design/ops issue not treated as a required code patch in this reconciliation.,ChainlinkAdapter.sol,
06_ChainlinkOracle.md,gas,Gas Optimization: Cache _feedDecimals Lookup Could Be Avoided With Auto-Fetch Pattern,duplicate,"Gas-only optimization item, not a security remediation blocker.",ChainlinkAdapter.sol,
06_ChainlinkOracle.md,informational,Duplicate Code Between getNormalizedPrice and getNormalizedPriceWithRoundId — Maintenance Risk,duplicate,Informational item; not a remediation blocker for the current codebase.,ChainlinkAdapter.sol,
06_ChainlinkOracle.md,informational,Sequencer Grace Period Check Uses Strict Inequality — Edge Case at Exact Grace Period Boundary,duplicate,Informational item; not a remediation blocker for the current codebase.,ChainlinkAdapter.sol,
06_ChainlinkOracle.md,informational,No Event Emitted When Feed Decimals Are Reconfigured — Missing Old Value in Event,duplicate,Informational item; not a remediation blocker for the current codebase.,ChainlinkAdapter.sol,
06_ChainlinkOracle.md,informational,Redundant Staleness Check — Double Validation of updatedAt > tNow,governance risk,Operational/oracle-management concern rather than a confirmed live exploit in this repo.,ChainlinkAdapter.sol,
06_ChainlinkOracle.md,informational,IPriceOracle Interface Does Not Enforce nowTs Ignorance — Future Adapter Implementations May Be Vulnerable,duplicate,Informational item; not a remediation blocker for the current codebase.,IPriceOracle.sol,
07_TrustedOracleAdapter.md,critical,Centralized Single Trusted Reporter — Complete Oracle Compromise on Key Leak,governance risk,Architectural trust/governance risk remains; not eliminated by code-level remediation.,TrustedReporterAdapter.sol,
07_TrustedOracleAdapter.md,high,Missing clearOhlcResult Function — Permanently Stuck Incorrect OHLC Settlement,already fixed,`clearOhlcResult` exists in the adapter and is covered by tests.,src/oracle/TrustedReporterAdapter.sol,test/adapters/TrustedReporterAdapterSecurity.t.sol:test_clearOhlcResult_existsAndWorks
07_TrustedOracleAdapter.md,high,Immediate Trusted Reporter Rotation Without Timelock Enables Instant Oracle Manipulation,governance risk,Architectural trust/governance risk remains; not eliminated by code-level remediation.,TrustedReporterAdapter.sol,
07_TrustedOracleAdapter.md,medium,No Events Emitted on clearLockSample and clearResolveResult — Silent State Manipulation,governance risk,Auditability/integration issue remains; not a direct steal path in current implementation.,src/oracle/TrustedReporterAdapter.sol,test/adapters/TrustedReporterAdapter.t.sol;test/adapters/TrustedReporterAdapterSecurity.t.sol
07_TrustedOracleAdapter.md,medium,Owner Can Re-Settle Markets by Clearing and Re-Posting Oracle Results,governance risk,Auditability/integration issue remains; not a direct steal path in current implementation.,src/oracle/TrustedReporterAdapter.sol,test/adapters/TrustedReporterAdapter.t.sol;test/adapters/TrustedReporterAdapterSecurity.t.sol
07_TrustedOracleAdapter.md,low,Signature Age Validation Uses observedAt (Reporter-Attested) Rather Than Submission Timestamp,governance risk,Low-severity design/ops issue not treated as a required code patch in this reconciliation.,TrustedReporterAdapter.sol,
07_TrustedOracleAdapter.md,low,OHLC Validation Does Not Reject Negative Values for Price Markets,governance risk,Low-severity design/ops issue not treated as a required code patch in this reconciliation.,TrustedReporterAdapter.sol,
07_TrustedOracleAdapter.md,low,marketId Derivation Uses abi.encodePacked in Interface — Potential Integration Confusion,governance risk,Low-severity design/ops issue not treated as a required code patch in this reconciliation.,IEventOracle.sol,
07_TrustedOracleAdapter.md,low,Front-Running of Reporter Transactions — Griefing via Signature Replay,false positive,"Current adapter stores one result per market/path and uses OZ ECDSA, so the claimed exploit is not reproduced in live code.",src/oracle/TrustedReporterAdapter.sol,test/adapters/TrustedReporterAdapter.t.sol
07_TrustedOracleAdapter.md,low,maxSignatureAgeSeconds Can Be Set to Minimum 60 Seconds — Fragile Under Network Congestion,governance risk,Low-severity design/ops issue not treated as a required code patch in this reconciliation.,TrustedReporterAdapter.sol,
07_TrustedOracleAdapter.md,gas,Gas Optimization: Redundant Storage Read in postResolveResult,duplicate,"Gas-only optimization item, not a security remediation blocker.",TrustedReporterAdapter.sol,
07_TrustedOracleAdapter.md,gas,Gas Optimization: written Flag Placement in Struct Causes Inefficient Storage Packing,duplicate,"Gas-only optimization item, not a security remediation blocker.",TrustedReporterAdapter.sol,
07_TrustedOracleAdapter.md,informational,Informational: getDataSource Always Returns Empty String — Breaks Interface Contract,governance risk,Auditability/integration issue remains; not a direct steal path in current implementation.,src/oracle/TrustedReporterAdapter.sol,test/adapters/TrustedReporterAdapter.t.sol;test/adapters/TrustedReporterAdapterSecurity.t.sol
07_TrustedOracleAdapter.md,informational,Informational: No Validation That observedAt Is Within Reasonable Historical Range,duplicate,Informational item; not a remediation blocker for the current codebase.,TrustedReporterAdapter.sol,
08_AaveV3YieldRouterV2.md,high,rescueToken Allows Owner to Steal StataToken Shares from All Templates,already fixed,`rescueToken` blocks `STATA_TOKEN` alongside stake and aToken.,src/yield/YieldRouterV2.sol,test/yield/YieldRouterV2Security.t.sol:test_rescueToken_cannotDrainStataToken
08_AaveV3YieldRouterV2.md,high,emergencyWithdraw Callable by Owner Without Timelock Enables Rug Vector,duplicate,Broad or overlapping high finding; the concrete underlying issue is tracked elsewhere in the matrix.,YieldRouterV2.sol,
08_AaveV3YieldRouterV2.md,medium,Fee-on-Transfer Token Accounting Mismatch Causes Principal Inflation and Insolvency,governance risk,Real integration/model risk or interface tradeoff remains; not resolved in this pass.,src/yield/YieldRouterV2.sol,test/yield/YieldRouterV2.t.sol;test/yield/YieldRouterV2Security.t.sol
08_AaveV3YieldRouterV2.md,medium,Hardcoded Aave v3 ReserveConfigurationMap Bit Offsets May Silently Fail on Forks,governance risk,Real integration/model risk or interface tradeoff remains; not resolved in this pass.,src/yield/YieldRouterV2.sol,test/yield/YieldRouterV2.t.sol;test/yield/YieldRouterV2Security.t.sol
08_AaveV3YieldRouterV2.md,medium,"claimLmRewards Claims All Router Rewards Regardless of templateId, Misattributing Cross-Template Rewards",governance risk,Real integration/model risk or interface tradeoff remains; not resolved in this pass.,src/yield/YieldRouterV2.sol,test/yield/YieldRouterV2.t.sol;test/yield/YieldRouterV2Security.t.sol
08_AaveV3YieldRouterV2.md,medium,StataToken Withdrawal May Under-Deliver Due to previewWithdraw Rounding Without Slippage Check,governance risk,Real integration/model risk or interface tradeoff remains; not resolved in this pass.,src/yield/YieldRouterV2.sol,test/yield/YieldRouterV2.t.sol;test/yield/YieldRouterV2Security.t.sol
08_AaveV3YieldRouterV2.md,medium,Unlimited Max Approval to External Contracts Creates Systemic Risk,governance risk,Real integration/model risk or interface tradeoff remains; not resolved in this pass.,src/yield/YieldRouterV2.sol,test/yield/YieldRouterV2.t.sol;test/yield/YieldRouterV2Security.t.sol
08_AaveV3YieldRouterV2.md,medium,scaledPrincipal Can Silently Zero Out on Partial Withdrawal Due to Defensive Underflow Guard,duplicate,Broad or overlapping medium finding not treated as a distinct unresolved code bug after reconciliation.,YieldRouterV2.sol,
08_AaveV3YieldRouterV2.md,low,rayMul Overflow Risk for Large Values in YieldAccounting Library,governance risk,Low-severity design/ops issue not treated as a required code patch in this reconciliation.,YieldAccounting.sol,
08_AaveV3YieldRouterV2.md,low,globalScaledBalance Stale Cache Can Mislead Integrators and Cause Accounting Drift,governance risk,Real integration/model risk or interface tradeoff remains; not resolved in this pass.,src/yield/YieldRouterV2.sol,test/yield/YieldRouterV2.t.sol;test/yield/YieldRouterV2Security.t.sol
08_AaveV3YieldRouterV2.md,low,pendingLmRewards Ignores templateId Parameter - Misleading Interface,governance risk,Real integration/model risk or interface tradeoff remains; not resolved in this pass.,src/yield/YieldRouterV2.sol,test/yield/YieldRouterV2.t.sol;test/yield/YieldRouterV2Security.t.sol
08_AaveV3YieldRouterV2.md,low,Missing Zero-Address Validation for rewardsController_ and stataToken_ in Constructor,false positive,Current setters/initializer guard these critical invalid values where they matter.,src/engine/MarketEngineDispatcher.sol;src/engine/modules/MarketEngineAdminModule.sol,test/engine/core/MarketEngineManualTypes.t.sol;test/engine/core/MarketEngineAdminModuleBranches.t.sol
08_AaveV3YieldRouterV2.md,low,Aave Pool withdraw() Return Value Not Validated Against Expected Amount,governance risk,Low-severity design/ops issue not treated as a required code patch in this reconciliation.,YieldRouterV2.sol,
08_AaveV3YieldRouterV2.md,gas,Gas Optimization: Redundant scaledBalanceOf Calls in StataToken Deposit Path,duplicate,"Gas-only optimization item, not a security remediation blocker.",YieldRouterV2.sol,
08_AaveV3YieldRouterV2.md,gas,Gas Optimization: Double Storage Read of _templates[templateId] in _withdrawScaled,duplicate,"Gas-only optimization item, not a security remediation blocker.",YieldRouterV2.sol,
08_AaveV3YieldRouterV2.md,informational,computeYield Function in YieldAccounting Library is Unused and Untested in Production,duplicate,Informational item; not a remediation blocker for the current codebase.,YieldAccounting.sol,
08_AaveV3YieldRouterV2.md,informational,realToScaled Function in YieldAccounting Library is Unused,duplicate,Informational item; not a remediation blocker for the current codebase.,YieldAccounting.sol,
08_AaveV3YieldRouterV2.md,informational,deposit() Return Value Discarded - IYieldRouter Compat Function Loses Attribution Units,duplicate,Informational item; not a remediation blocker for the current codebase.,YieldRouterV2.sol,
09_EngineAdminModules.md,high,Delegatecall Module Storage Compatibility Check is Insufficient - Only Verifies Selector Not Layout,duplicate,Overlaps with the dispatcher/module trust-boundary findings already captured elsewhere.,MarketEngineState.sol,
09_EngineAdminModules.md,high,Reentrancy in withdrawFees via ERC20 safeTransfer Before State Update,duplicate,Broad or overlapping high finding; the concrete underlying issue is tracked elsewhere in the matrix.,MarketEngineAdminModule.sol,
09_EngineAdminModules.md,high,Centralized Admin Can Redirect Fee Withdrawals to Arbitrary Treasury Address,governance risk,Architectural trust/governance risk remains; not eliminated by code-level remediation.,MarketEngineAdminModule.sol,
09_EngineAdminModules.md,medium,Unchecked Return Value from emergencyWithdraw Allows Silent Fund Loss,false positive,Current engine accounting uses balance-delta or explicit failure handling rather than blindly trusting router return values where it matters.,src/engine/MarketEngineState.sol;src/engine/modules/MarketEngineCoreLifecycleModule.sol,test/engine/core/MarketEngineYieldRouting.t.sol
09_EngineAdminModules.md,medium,Vault Fees Balance Can Underflow Silently if Ledger and Vault Diverge in withdrawFees,duplicate,Broad or overlapping medium finding not treated as a distinct unresolved code bug after reconciliation.,MarketEngineAdminModule.sol,
09_EngineAdminModules.md,medium,Missing Validation That priceOracle is Non-Zero in _resolveOracleByClass for CHAINLINK_PRICE,duplicate,Broad or overlapping medium finding not treated as a distinct unresolved code bug after reconciliation.,MarketEngineState.sol,
09_EngineAdminModules.md,medium,Oracle Staleness Window Allows Pre-Lock Price Data for Settlement,governance risk,Operational/oracle-management concern rather than a confirmed live exploit in this repo.,MarketTypes.sol,
09_EngineAdminModules.md,low,Division Before Multiplication Precision Loss in computeTotalUserEntitlementResolved,governance risk,Low-severity design/ops issue not treated as a required code patch in this reconciliation.,MarketMath.sol,
09_EngineAdminModules.md,low,computeLadderLiabilityComponents Returns Incorrect claimLiabilityTotal When winnerWeightBps >= BPS_DENOMINATOR,governance risk,Low-severity design/ops issue not treated as a required code patch in this reconciliation.,MarketMath.sol,
09_EngineAdminModules.md,low,keeperClaimLmRewards Returns Early Without Revert When lmRewardsEnabled is False,governance risk,Low-severity design/ops issue not treated as a required code patch in this reconciliation.,MarketEngineAdminModule.sol,
09_EngineAdminModules.md,low,setYieldRouter Allows Setting Non-Zero feeBps When Router is Zero Address,governance risk,Low-severity design/ops issue not treated as a required code patch in this reconciliation.,MarketEngineAdminModule.sol,
09_EngineAdminModules.md,low,"validateCheckpointBPublishTime Only Checks Monotonicity Against checkpointA, Not checkpointA_B",governance risk,Low-severity design/ops issue not treated as a required code patch in this reconciliation.,MarketTypes.sol,
09_EngineAdminModules.md,gas,Gas Optimization: _setRemainingWinningStake Iterates Over All Outcomes Including Non-Winners,duplicate,"Gas-only optimization item, not a security remediation blocker.",MarketEngineState.sol,
09_EngineAdminModules.md,gas,Gas Optimization: Redundant Storage Reads in computeClaimPayoutStorage,duplicate,"Gas-only optimization item, not a security remediation blocker.",MarketMath.sol,
09_EngineAdminModules.md,gas,Informational: Large Epoch Struct May Cause High Gas Costs for Storage Operations,duplicate,"Gas-only optimization item, not a security remediation blocker.",MarketTypes.sol,
09_EngineAdminModules.md,informational,Informational: initializeMarket Does Not Validate Template is Active Before Initialization,duplicate,Informational item; not a remediation blocker for the current codebase.,MarketEngineAdminModule.sol,
09_EngineAdminModules.md,informational,Informational: _balanceDeltaAfterWithdrawScaled Vulnerable to Read-Only Reentrancy if stakeToken Has Callbacks,duplicate,Informational item; not a remediation blocker for the current codebase.,MarketEngineState.sol,
10_EngineCoreLifecycleModules.md,high,Epoch Cancellation Blocked by Yield Router Failure - Permanent Fund Lock,already fixed,Cancel/resolve paths use soft-failure handling with events rather than bricking lifecycle progress.,src/engine/modules/MarketEngineCoreLifecycleModule.sol;src/engine/modules/MarketEngineRollingLifecycleModule.sol,test/engine/security/MarketEngineLifecycleSecurity.t.sol;test/engine/core/MarketEngineYieldRouting.t.sol
10_EngineCoreLifecycleModules.md,high,Oracle Cursor Monotonicity Not Reset on Oracle Adapter Change - Stale Data Bypass,fixed,Same underlying cursor-reset issue; now covered by explicit admin reset flow.,src/engine/modules/MarketEngineAdminModule.sol,test/engine/core/MarketEngineCoreMarketUpgrade.t.sol:test_admin_can_reset_oracle_cursor_after_adapter_swap
10_EngineCoreLifecycleModules.md,high,Yield Router Withdrawal Failure Silently Skips Principal Recovery - Incorrect Settlement,duplicate,Broad or overlapping high finding; the concrete underlying issue is tracked elsewhere in the matrix.,MarketEngineCoreLifecycleModule.sol,
10_EngineCoreLifecycleModules.md,high,Yield Router Excess Yield on Cancel Bypasses Vault Accounting - Ledger Inconsistency,duplicate,Broad or overlapping high finding; the concrete underlying issue is tracked elsewhere in the matrix.,MarketEngineCoreLifecycleModule.sol,
10_EngineCoreLifecycleModules.md,medium,Composite Market Threshold Zero-Value Ambiguity Enables Incorrect Settlement,duplicate,Broad or overlapping medium finding not treated as a distinct unresolved code bug after reconciliation.,SettlementLogic.sol,
10_EngineCoreLifecycleModules.md,medium,Oracle Fallback Path Allows Mode Downgrade on First Read - Monotonicity Bypass,duplicate,Oracle cursor/monotonicity concerns overlap with the concrete cursor-reset issue and broader oracle design notes.,src/engine/modules/MarketEngineCoreLifecycleModule.sol;src/engine/modules/MarketEngineRollingLifecycleModule.sol,test/engine/core/MarketEngineUXIntegrations.t.sol;test/engine/core/MarketEngineCoreMarketUpgrade.t.sol
10_EngineCoreLifecycleModules.md,medium,ReentrancyGuardTransient Incompatibility with Delegatecall Architecture,false positive,Current module entrypoints use `nonReentrant` and tested reentrancy paths are blocked or safely degraded.,src/engine/modules/MarketEngineUserOpsClaimsModule.sol;src/engine/modules/MarketEngineCoreLifecycleModule.sol;src/engine/modules/MarketEngineRollingLifecycleModule.sol,test/engine/security/MarketEngineReentrancy.t.sol
10_EngineCoreLifecycleModules.md,medium,Worker Authority Can Open/Lock/Resolve Epochs When Protocol is Paused,duplicate,Broad or overlapping medium finding not treated as a distinct unresolved code bug after reconciliation.,MarketEngineCoreLifecycleModule.sol,
10_EngineCoreLifecycleModules.md,medium,Velocity Market Checkpoint B Monotonicity Not Enforced Against Checkpoint A,duplicate,Broad or overlapping medium finding not treated as a distinct unresolved code bug after reconciliation.,MarketTypes.sol,
10_EngineCoreLifecycleModules.md,medium,Convergence Market Checkpoint B_B Not Validated for Monotonicity Against Checkpoint A_B,duplicate,Broad or overlapping medium finding not treated as a distinct unresolved code bug after reconciliation.,MarketEngineCoreLifecycleModule.sol,
10_EngineCoreLifecycleModules.md,medium,Composite Market Checkpoint A Not Validated for Monotonicity in resolveCompositeCheckpointB,duplicate,Broad or overlapping medium finding not treated as a distinct unresolved code bug after reconciliation.,MarketEngineCoreLifecycleModule.sol,
10_EngineCoreLifecycleModules.md,low,Missing Validation: openAt Can Be in the Past - Epoch Immediately Bettable Without Notice,governance risk,Low-severity design/ops issue not treated as a required code patch in this reconciliation.,MarketEngineCoreLifecycleModule.sol,
10_EngineCoreLifecycleModules.md,low,Precision Loss in Pro-Rata Payout Calculation Can Systematically Underpay Winners,governance risk,Low-severity design/ops issue not treated as a required code patch in this reconciliation.,MarketMath.sol,
10_EngineCoreLifecycleModules.md,low,Template Update Can Change Market Type of Active Epoch - Settlement Mismatch,governance risk,Low-severity design/ops issue not treated as a required code patch in this reconciliation.,MarketEngineCoreLifecycleModule.sol,
10_EngineCoreLifecycleModules.md,low,Missing Validation: maxOutcomes Can Be Set to 0 - Blocking All Template Creation,governance risk,Low-severity design/ops issue not treated as a required code patch in this reconciliation.,MarketEngineState.sol,
10_EngineCoreLifecycleModules.md,gas,Duplicate routedPrincipal Check in cancelEpoch - Dead Code,duplicate,"Gas-only optimization item, not a security remediation blocker.",MarketEngineCoreLifecycleModule.sol,
10_EngineCoreLifecycleModules.md,gas,Yield Fee Calculation Uses Integer Division That Can Systematically Under-Collect Fees,duplicate,"Gas-only optimization item, not a security remediation blocker.",MarketEngineCoreLifecycleModule.sol,
10_EngineCoreLifecycleModules.md,informational,Corridor Market Validation Loop Off-By-One - Insufficient Bound Checking,duplicate,Informational item; not a remediation blocker for the current codebase.,MarketEngineCoreLifecycleModule.sol,
10_EngineCoreLifecycleModules.md,informational,Cascade Market Validation Only Checks Bounds Starting from Index 1 - First Bound Unchecked,duplicate,Informational item; not a remediation blocker for the current codebase.,MarketEngineCoreLifecycleModule.sol,
10_EngineCoreLifecycleModules.md,informational,Epoch ID Overflow Risk in _requireCanOpenNextEpoch,duplicate,Informational item; not a remediation blocker for the current codebase.,MarketEngineCoreLifecycleModule.sol,
11_EngineRollingLifecycleModules.md,high,Single Oracle Sample Used for Both Epoch Resolution and Lock Creates Dual-Epoch Manipulation Vector,governance risk,"This is an economic design coupling in rolling markets, not a localized bug fixed in this pass.",src/engine/modules/MarketEngineRollingLifecycleModule.sol,test/engine/rolling/MarketEngineRollingOracle.t.sol
11_EngineRollingLifecycleModules.md,high,Silent Loss of Principal When Yield Router Returns Less Than Deposited,duplicate,Broad or overlapping high finding; the concrete underlying issue is tracked elsewhere in the matrix.,MarketEngineRollingLifecycleModule.sol,
11_EngineRollingLifecycleModules.md,medium,ReentrancyGuardTransient Incompatibility with Delegatecall Architecture,false positive,Current module entrypoints use `nonReentrant` and tested reentrancy paths are blocked or safely degraded.,src/engine/modules/MarketEngineUserOpsClaimsModule.sol;src/engine/modules/MarketEngineCoreLifecycleModule.sol;src/engine/modules/MarketEngineRollingLifecycleModule.sol,test/engine/security/MarketEngineReentrancy.t.sol
11_EngineRollingLifecycleModules.md,medium,"Oracle Cursor Allows Equal publishTime, Enabling Same-Block Oracle Replay",duplicate,Oracle cursor/monotonicity concerns overlap with the concrete cursor-reset issue and broader oracle design notes.,src/engine/modules/MarketEngineCoreLifecycleModule.sol;src/engine/modules/MarketEngineRollingLifecycleModule.sol,test/engine/core/MarketEngineUXIntegrations.t.sol;test/engine/core/MarketEngineCoreMarketUpgrade.t.sol
11_EngineRollingLifecycleModules.md,medium,cancelRollingEpochWhileHalted Does Not Verify Epoch Belongs to the Halted Template,duplicate,Broad or overlapping medium finding not treated as a distinct unresolved code bug after reconciliation.,MarketEngineRollingLifecycleModule.sol,
11_EngineRollingLifecycleModules.md,medium,computeClaimPayoutStorage Division by Zero When winningPool is Zero After Winning Stake Check,false positive,Current settlement/claim paths did not reproduce the claimed stuck-funds scenario in tests; broad claim is overstated.,src/logic/SettlementLogic.sol;src/math/MarketMath.sol,test/markettype/MarketTypeAll15.t.sol;test/math/MarketMath.t.sol
11_EngineRollingLifecycleModules.md,medium,Ladder Market Settlement Uses First Winning Outcome Index But Multiple Outcomes Can Win,duplicate,Broad or overlapping medium finding not treated as a distinct unresolved code bug after reconciliation.,SettlementLogic.sol,
11_EngineRollingLifecycleModules.md,medium,Vault Active Balance Can Underflow in cancelRollingEpochWhileHalted When totalPool Exceeds Active,already fixed,Current resolve accounting performs explicit active-vault sufficiency checks before deduction.,src/engine/MarketEngineState.sol,forge test
11_EngineRollingLifecycleModules.md,medium,Corridor and Cascade Market Types Do Not Validate epochHighE8 and epochLowE8 Are Set,duplicate,Broad or overlapping medium finding not treated as a distinct unresolved code bug after reconciliation.,SettlementLogic.sol,
11_EngineRollingLifecycleModules.md,low,Yield Router Failure Incorrectly Uses OracleFailure Halt Reason,governance risk,Low-severity design/ops issue not treated as a required code patch in this reconciliation.,MarketEngineRollingLifecycleModule.sol,
11_EngineRollingLifecycleModules.md,low,SettlementLogic.compute Modifies Storage Epoch State (winningOutcomeMask) Before Computing Liabilities,governance risk,Low-severity design/ops issue not treated as a required code patch in this reconciliation.,SettlementLogic.sol,
11_EngineRollingLifecycleModules.md,low,genesisStartRolling Missing nonReentrant Guard While Other Lifecycle Functions Have It,governance risk,Low-severity design/ops issue not treated as a required code patch in this reconciliation.,MarketEngineRollingLifecycleModule.sol,
11_EngineRollingLifecycleModules.md,low,Composite Market Settlement Uses Incorrect Threshold When compositeFeedCount is Zero,governance risk,Low-severity design/ops issue not treated as a required code patch in this reconciliation.,SettlementLogic.sol,
11_EngineRollingLifecycleModules.md,low,Missing Validation That rollingBufferSeconds > 0 in Template Configuration,governance risk,Low-severity design/ops issue not treated as a required code patch in this reconciliation.,MarketEngineRollingLifecycleModule.sol,
11_EngineRollingLifecycleModules.md,low,Oracle Cursor Not Initialized at Template/Epoch Creation Allows First-Sample Mode Injection,governance risk,Low-severity design/ops issue not treated as a required code patch in this reconciliation.,MarketEngineRollingLifecycleModule.sol,
11_EngineRollingLifecycleModules.md,low,Threshold Market Ignores absoluteThresholdValueE8 When anchorPriceE8 is Set to Non-Zero,governance risk,Low-severity design/ops issue not treated as a required code patch in this reconciliation.,SettlementLogic.sol,
11_EngineRollingLifecycleModules.md,gas,Precision Loss in Yield Fee Calculation Due to Integer Division Order,duplicate,"Gas-only optimization item, not a security remediation blocker.",MarketEngineRollingLifecycleModule.sol,
11_EngineRollingLifecycleModules.md,informational,haltRollingMarket Missing nonReentrant Guard,duplicate,Informational item; not a remediation blocker for the current codebase.,MarketEngineRollingLifecycleModule.sol,
11_EngineRollingLifecycleModules.md,informational,resetRollingLifecycle Requires globalPaused But Condition Check is Inverted,duplicate,Informational item; not a remediation blocker for the current codebase.,MarketEngineRollingLifecycleModule.sol,
11_EngineRollingLifecycleModules.md,informational,Epoch Timing Uses block.timestamp for createdAt But startTs Parameter for openAt/lockAt/resolveAt,duplicate,Informational item; not a remediation blocker for the current codebase.,MarketEngineRollingLifecycleModule.sol,
11_EngineRollingLifecycleModules.md,informational,MODULE_STORAGE_COMPATIBILITY_ID Marker Provides False Security Assurance,duplicate,Informational item; not a remediation blocker for the current codebase.,MarketEngineState.sol,
12_EngineUserOpsClaimableModules.md,high,Yield Router Deposit Overcredits routedPrincipal Without Balance Delta Verification,governance risk,Current code still credits `routedPrincipal` based on router attribution success rather than engine-side balance delta.,src/engine/modules/MarketEngineUserOpsClaimsModule.sol,test/engine/core/MarketEngineYieldRouting.t.sol
12_EngineUserOpsClaimableModules.md,high,Delegatecall Module Storage Compatibility Marker is Insufficient Security Guarantee,duplicate,Overlaps with the dispatcher/module trust-boundary findings already captured elsewhere.,MarketEngineState.sol,
12_EngineUserOpsClaimableModules.md,medium,claimMany Batch DoS via Front-Running or Partial Claim State,fixed,`claimMany` now soft-skips already-claimed/non-claimable/zero-payout epochs instead of reverting entire batch.,src/engine/modules/MarketEngineUserOpsClaimsModule.sol,test/engine/core/MarketEngineUserOpsClaimsBranches.t.sol:test_claimMany_skips_epochs_that_become_already_claimed_mid_batch
12_EngineUserOpsClaimableModules.md,medium,ReentrancyGuardTransient Storage Slot Collision with Delegatecall Architecture,duplicate,Broad or overlapping medium finding not treated as a distinct unresolved code bug after reconciliation.,MarketEngineUserOpsClaimsModule.sol,
12_EngineUserOpsClaimableModules.md,medium,Residual Token Approval Left After Failed Yield Router Deposit,fixed,"Approval is now zeroed after each routed deposit attempt, including failure paths.",src/engine/modules/MarketEngineUserOpsClaimsModule.sol,test/engine/core/MarketEngineYieldRouting.t.sol:test_deposit_failedRouting_clears_router_allowance
12_EngineUserOpsClaimableModules.md,medium,Incorrect Vault Accounting in switchSide: vault.active Decremented Before Fee Withdrawal,duplicate,Broad or overlapping medium finding not treated as a distinct unresolved code bug after reconciliation.,MarketEngineUserOpsClaimsModule.sol,
12_EngineUserOpsClaimableModules.md,medium,Division by Zero in computeClaimPayoutStorage When winningPool is Zero After Epoch Resolution,false positive,Current settlement/claim paths did not reproduce the claimed stuck-funds scenario in tests; broad claim is overstated.,src/logic/SettlementLogic.sol;src/math/MarketMath.sol,test/markettype/MarketTypeAll15.t.sol;test/math/MarketMath.t.sol
12_EngineUserOpsClaimableModules.md,low,Precision Loss in Yield Buffer Calculation for Small Deposit Amounts,governance risk,Low-severity design/ops issue not treated as a required code patch in this reconciliation.,MarketEngineUserOpsClaimsModule.sol,
12_EngineUserOpsClaimableModules.md,low,userEpochs Array Can Grow Unboundedly Causing Gas DoS on Reads,governance risk,Low-severity design/ops issue not treated as a required code patch in this reconciliation.,MarketEngineUserOpsClaimsModule.sol,
12_EngineUserOpsClaimableModules.md,low,Last-Claimer Remainder Rule Can Be Gamed to Steal Excess Funds,governance risk,Low-severity design/ops issue not treated as a required code patch in this reconciliation.,MarketMath.sol,
12_EngineUserOpsClaimableModules.md,low,Storage Gap Insufficient for Future Upgrades Given Current State Variable Count,governance risk,Low-severity design/ops issue not treated as a required code patch in this reconciliation.,MarketEngineState.sol,
12_EngineUserOpsClaimableModules.md,low,Epoch activeEpochId Constraint Prevents Multi-Epoch Deposits in Manual Mode,governance risk,Low-severity design/ops issue not treated as a required code patch in this reconciliation.,MarketEngineUserOpsClaimsModule.sol,
12_EngineUserOpsClaimableModules.md,low,Missing Zero-Address Validation for Oracle Addresses in _resolveOracleByClass,false positive,Current setters/initializer guard these critical invalid values where they matter.,src/engine/MarketEngineDispatcher.sol;src/engine/modules/MarketEngineAdminModule.sol,test/engine/core/MarketEngineManualTypes.t.sol;test/engine/core/MarketEngineAdminModuleBranches.t.sol
12_EngineUserOpsClaimableModules.md,low,Potential Overflow in computeSwitch for Large grossAmount Values,governance risk,Low-severity design/ops issue not treated as a required code patch in this reconciliation.,MarketMath.sol,
12_EngineUserOpsClaimableModules.md,low,Ladder Market Payout Weight Validation Missing in MarketMath,governance risk,Low-severity design/ops issue not treated as a required code patch in this reconciliation.,MarketMath.sol,
12_EngineUserOpsClaimableModules.md,gas,Missing Validation That outcomeIndex < e.outcomeCount in switchSide Before Position Access,duplicate,"Gas-only optimization item, not a security remediation blocker.",MarketEngineUserOpsClaimsModule.sol,
12_EngineUserOpsClaimableModules.md,informational,computeClaimPayoutStorage Reads epoch.settlementFeeBps and epoch.feeOnLosingPool from Storage Indirectly via _distributableLosingPoolForClaimsStorage,duplicate,Informational item; not a remediation blocker for the current codebase.,MarketMath.sol,
12_EngineUserOpsClaimableModules.md,informational,Inconsistent configInitialized Check Between switchSide and _depositToSide,duplicate,Informational item; not a remediation blocker for the current codebase.,MarketEngineUserOpsClaimsModule.sol,
12_EngineUserOpsClaimableModules.md,informational,EpochResolved Event Emits Incorrect claimLiabilityTotal in Refund Mode,duplicate,Informational item; not a remediation blocker for the current codebase.,MarketEngineState.sol,
13_EngineViewModule.md,critical,Storage Layout Compatibility Marker is Insufficient - Delegatecall Module Can Corrupt Proxy Storage,governance risk,"Equivalent to admin/module trust boundary; requires governance/model redesign, not localized patch.",MarketEngineState.sol,
13_EngineViewModule.md,critical,Single Admin Key Controls All Critical Protocol Operations Without Timelock,governance risk,Architectural trust/governance risk remains; not eliminated by code-level remediation.,MarketEngineState.sol,
13_EngineViewModule.md,high,Reentrancy Risk in _balanceDeltaAfterWithdrawScaled via Untrusted Yield Router,already fixed,Current external entrypoints invoking router interactions are `nonReentrant`; tested malicious-router paths are blocked or degraded safely.,src/engine/modules/MarketEngineUserOpsClaimsModule.sol;src/engine/modules/MarketEngineCoreLifecycleModule.sol;src/engine/modules/MarketEngineRollingLifecycleModule.sol,test/engine/security/MarketEngineReentrancy.t.sol
13_EngineViewModule.md,high,Uninitialized Proxy Vulnerability - configInitialized Can Be Bypassed via Module Storage Collision,already fixed,Implementation initialization is disabled; the remaining module-collision angle is an admin/module trust issue.,src/engine/MarketEngineDispatcher.sol,test/engine/core/MarketEngineManualTypes.t.sol:test_initialize_reverts_on_zero_addresses
13_EngineViewModule.md,high,Vault Balance Invariant Can Be Violated by Rebasing/Fee-on-Transfer Stake Tokens,governance risk,Real integration/model risk or interface tradeoff remains; not resolved in this pass.,src/yield/YieldRouterV2.sol,test/yield/YieldRouterV2.t.sol;test/yield/YieldRouterV2Security.t.sol
13_EngineViewModule.md,medium,Oracle Checkpoint A Allows Stale Price Data - publishTime Can Be Far Before lockAt,governance risk,Operational/oracle-management concern rather than a confirmed live exploit in this repo.,MarketTypes.sol,
13_EngineViewModule.md,medium,MIN_MANUAL_DEPOSIT_WINDOW and MIN_MANUAL_LOCK_WINDOW Are Dangerously Small (10 seconds),duplicate,Broad or overlapping medium finding not treated as a distinct unresolved code bug after reconciliation.,MarketEngineState.sol,
13_EngineViewModule.md,medium,YieldRouterBalanceInvariant Check Insufficient - Partial Principal Loss Not Detected,duplicate,Broad or overlapping medium finding not treated as a distinct unresolved code bug after reconciliation.,MarketEngineState.sol,
13_EngineViewModule.md,medium,Epoch Struct is Extremely Large - Potential Gas Limit Issues on L2 and High Storage Costs,duplicate,Broad or overlapping medium finding not treated as a distinct unresolved code bug after reconciliation.,MarketTypes.sol,
13_EngineViewModule.md,medium,"validateCheckpointBPublishTime Monotonicity Check Only Against checkpointA, Not checkpointA_B",duplicate,Broad or overlapping medium finding not treated as a distinct unresolved code bug after reconciliation.,MarketTypes.sol,
13_EngineViewModule.md,medium,MAX_YIELD_ROUTER_FAILURES Counter Can Be Reset by Admin - Potential Abuse Vector,duplicate,Broad or overlapping medium finding not treated as a distinct unresolved code bug after reconciliation.,MarketEngineState.sol,
13_EngineViewModule.md,low,Missing Zero-Address Validation for Critical Address Parameters,false positive,Current setters/initializer guard these critical invalid values where they matter.,src/engine/MarketEngineDispatcher.sol;src/engine/modules/MarketEngineAdminModule.sol,test/engine/core/MarketEngineManualTypes.t.sol;test/engine/core/MarketEngineAdminModuleBranches.t.sol
13_EngineViewModule.md,low,getEpoch Returns Zero-Value Struct for Non-Existent Epochs Without Indication,governance risk,Low-severity design/ops issue not treated as a required code patch in this reconciliation.,MarketEngineViewModule.sol,
13_EngineViewModule.md,low,Precision Loss in _mulBps for Small Values - Confidence Limit Calculation Underestimates,governance risk,Low-severity design/ops issue not treated as a required code patch in this reconciliation.,MarketTypes.sol,
13_EngineViewModule.md,low,getUserEpochs Pagination Returns Incorrect nextCursor When size=0,governance risk,Low-severity design/ops issue not treated as a required code patch in this reconciliation.,MarketEngineViewModule.sol,
13_EngineViewModule.md,low,templateIdFromSlug Allows Slug Collision - Different Slugs Can Produce Same templateId,governance risk,Low-severity design/ops issue not treated as a required code patch in this reconciliation.,MarketEngineState.sol,
13_EngineViewModule.md,low,Epoch totalPool Not Validated Against Sum of outcomePools - Accounting Invariant Not Enforced,governance risk,Low-severity design/ops issue not treated as a required code patch in this reconciliation.,MarketTypes.sol,
13_EngineViewModule.md,low,Missing Event for Admin Transfer - Critical State Change Not Logged,governance risk,Low-severity design/ops issue not treated as a required code patch in this reconciliation.,MarketEngineState.sol,
13_EngineViewModule.md,gas,Gas Optimization: Redundant Storage Reads in _applyResolveAccounting,duplicate,"Gas-only optimization item, not a security remediation blocker.",MarketEngineState.sol,
13_EngineViewModule.md,gas,Gas Optimization: _setRemainingWinningStake Iterates Full outcomeCount Even for Single-Winner Markets,duplicate,"Gas-only optimization item, not a security remediation blocker.",MarketEngineState.sol,
13_EngineViewModule.md,informational,Insufficient Gap Size May Be Inadequate for Future Upgrades,duplicate,Informational item; not a remediation blocker for the current codebase.,MarketEngineState.sol,
14_MarketEngineDispatcher.md,critical,No Timelock on Critical Admin Operations — Single-Step Module Registration and Upgrade,governance risk,Architectural trust/governance risk remains; not eliminated by code-level remediation.,MarketEngineDispatcher.sol,
14_MarketEngineDispatcher.md,high,Storage Layout Collision: Duplicate Selector Mappings in Both ERC-7201 Namespace and Linear Storage,duplicate,Overlaps with the dispatcher/module trust-boundary findings already captured elsewhere.,MarketEngineState.sol,
14_MarketEngineDispatcher.md,high,ReentrancyGuardTransient Not Applied to Fallback — Module Delegatecalls Bypass Reentrancy Protection,false positive,Current module entrypoints use `nonReentrant` and tested reentrancy paths are blocked or safely degraded.,src/engine/modules/MarketEngineUserOpsClaimsModule.sol;src/engine/modules/MarketEngineCoreLifecycleModule.sol;src/engine/modules/MarketEngineRollingLifecycleModule.sol,test/engine/security/MarketEngineReentrancy.t.sol
14_MarketEngineDispatcher.md,high,CREATE2 Redeployment Attack: Module Code Hash Check Can Be Bypassed,duplicate,Overlaps with the dispatcher/module trust-boundary findings already captured elsewhere.,MarketEngineDispatcher.sol,
14_MarketEngineDispatcher.md,high,Storage Compatibility Marker Is Insufficient — Modules Can Have Incompatible Storage Layouts,duplicate,Overlaps with the dispatcher/module trust-boundary findings already captured elsewhere.,MarketEngineDispatcher.sol,
14_MarketEngineDispatcher.md,medium,Selector Collision Risk: Root-Owned Selectors Hardcoded as Constants May Not Match Actual Function Selectors,duplicate,Broad or overlapping medium finding not treated as a distinct unresolved code bug after reconciliation.,MarketEngineDispatcher.sol,
14_MarketEngineDispatcher.md,medium,Gas Griefing in `_enforceApprovedModule`: Expensive Staticcall on Every Delegatecall,duplicate,Broad or overlapping medium finding not treated as a distinct unresolved code bug after reconciliation.,MarketEngineDispatcher.sol,
14_MarketEngineDispatcher.md,low,Missing Zero-Address Validation for Oracle Updates — Admin Can Set Null Oracles,false positive,Current setters/initializer guard these critical invalid values where they matter.,src/engine/MarketEngineDispatcher.sol;src/engine/modules/MarketEngineAdminModule.sol,test/engine/core/MarketEngineManualTypes.t.sol;test/engine/core/MarketEngineAdminModuleBranches.t.sol
14_MarketEngineDispatcher.md,low,Missing Access Control on `receive()` — Contract Accepts Arbitrary ETH,false positive,ETH acceptance is not a meaningful exploit in the current ERC20-based accounting model.,src/engine/MarketEngineDispatcher.sol,
14_MarketEngineDispatcher.md,low,Precision Loss in `_mulBps` for Small Values,governance risk,Low-severity design/ops issue not treated as a required code patch in this reconciliation.,MarketTypes.sol,
14_MarketEngineDispatcher.md,low,Missing Validation: `maxOutcomes = 0` Allowed in Initialize,false positive,Current setters/initializer guard these critical invalid values where they matter.,src/engine/MarketEngineDispatcher.sol;src/engine/modules/MarketEngineAdminModule.sol,test/engine/core/MarketEngineManualTypes.t.sol;test/engine/core/MarketEngineAdminModuleBranches.t.sol
14_MarketEngineDispatcher.md,low,Epoch `claimLiabilityTotal` Set to Zero in Refund Mode But `totalRefundLiability` Used for Claims — Potential Accounting Confusion,governance risk,Low-severity design/ops issue not treated as a required code patch in this reconciliation.,MarketEngineState.sol,
14_MarketEngineDispatcher.md,low,Unbounded `_userEpochs` Array Growth — Potential DoS in `claimMany`,governance risk,Low-severity design/ops issue not treated as a required code patch in this reconciliation.,MarketEngineState.sol,
14_MarketEngineDispatcher.md,gas,Gas Optimization: Redundant `_enforceModuleStorageCompatibility` Call in `_enforceApprovedModule`,duplicate,"Gas-only optimization item, not a security remediation blocker.",MarketEngineDispatcher.sol,
14_MarketEngineDispatcher.md,gas,Gas Optimization: `_setRemainingWinningStake` Iterates Full `MAX_OUTCOMES` Array Unnecessarily,duplicate,"Gas-only optimization item, not a security remediation blocker.",MarketEngineState.sol,
14_MarketEngineDispatcher.md,informational,Informational: `__gap` Size May Be Insufficient After Adding Dispatcher State Variables,duplicate,Informational item; not a remediation blocker for the current codebase.,MarketEngineState.sol,
14_MarketEngineDispatcher.md,informational,"Informational: `validateCheckpointBPublishTime` Only Checks Monotonicity Against `checkpointA`, Not `checkpointA_B`",duplicate,Informational item; not a remediation blocker for the current codebase.,MarketTypes.sol,
